region,total_outlets,total_target,total_actual,total_gap,region_gap_pct,outlets_missing_target
Rajshahi,6,17058813,17020777.55,-38035.45000000013,-0.22,4
Dhaka,15,41138309,42060859.03,922550.0299999998,2.24,6
Barisal,5,21039036,17458043.34,-3580992.660000001,-17.02,5
Mymensingh,2,5324674,6449955.99,1125281.99,21.13,1
Chittagong,10,28363252,28524896.88,161644.88,0.57,5
Khulna,8,20972639,18452037.349999998,-2520601.6499999994,-12.02,5
Sylhet,4,10752681,9861890.52,-890790.48,-8.28,2